INSERT INTO "user" (id, name, email, password_hash, display_name, discord_token, discord_refresh_token, discord_user_id, profile, avatar_url, twitter_id, github_id, created_at, updated_at) VALUES ('toybox-test-user-id-12345', 'c3太郎', 'example1@c3.com', 'gfdre5r678yuihgfyt67y8uihgfty768yu9ihug', 'c3太郎', 'jhgtfy7y8uihgfty78uhgyt7uhigyft7y8ugt78uih', 'jhugyt768uiygft678yugfytr67y8ugtfy678yuih', 'jhyt678yu', 'テストユーザーだよ', 'https://avatars.githubusercontent.com/u/61457046', 'c3_kyutech', 'Kyutech-C3', '2045-06-13 12:21:02.631961', '2025-06-13 12:21:02.631961');
INSERT INTO "user" (id, name, email, password_hash, display_name, discord_token, discord_refresh_token, discord_user_id, profile, avatar_url, twitter_id, github_id, created_at, updated_at) VALUES ('toybox-test-user-id-67890', 'c3次郎', 'example2@c3.com', 'gfdre5r678yuihgfyt67y8uihgfty768yu9ihug', 'c3次郎', 'jhgtfy7y8uihgfty78uhgyt7uhigyft7y8ugt78uih', 'jhugyt768uiygft678yugfytr67y8ugtfy678yuih', 'jhyt678yu', 'テストユーザーだよ', 'https://avatars.githubusercontent.com/u/61457046', 'c3_kyutech', 'Kyutech-C3', '2045-06-13 12:21:02.631961', '2025-06-13 12:21:02.631961');
INSERT INTO tags (id, name, color, created_at, updated_at) VALUES ('tag-12345', 'web', '#333333', '2045-06-13 12:21:02.631961', '2045-06-13 12:21:02.631961');
INSERT INTO tags (id, name, color, created_at, updated_at) VALUES ('tag-54321', 'unity', '#222222', '2045-06-13 12:21:02.631961', '2045-06-13 12:21:02.631961');
INSERT INTO tags (id, name, color, created_at, updated_at) VALUES ('tag-67890', 'cat', '#333222', '2045-06-13 12:21:02.631961', '2045-06-13 12:21:02.631961');
INSERT INTO tags (id, name, color, created_at, updated_at) VALUES ('tag-09876', 'hato', '#444333', '2045-06-13 12:21:02.631961', '2045-06-13 12:21:02.631961');
INSERT INTO asset (id, work_id, asset_type, user_id, created_at, updated_at) VALUES ('asset-12345', null, 'image', 'toybox-test-user-id-12345', '2045-06-13 12:21:02.631961', '2045-06-13 12:21:02.631961');
INSERT INTO asset (id, work_id, asset_type, user_id, created_at, updated_at) VALUES ('asset-54321', null, 'image', 'toybox-test-user-id-12345', '2045-06-13 12:21:02.631961', '2045-06-13 12:21:02.631961');
INSERT INTO asset (id, work_id, asset_type, user_id, created_at, updated_at) VALUES ('asset-67890', null, 'video', 'toybox-test-user-id-12345', '2045-06-13 12:21:02.631961', '2045-06-13 12:21:02.631961');
INSERT INTO asset (id, work_id, asset_type, user_id, created_at, updated_at) VALUES ('asset-09876', null, 'music', 'toybox-test-user-id-12345', '2045-06-13 12:21:02.631961', '2045-06-13 12:21:02.631961');
INSERT INTO asset (id, work_id, asset_type, user_id, created_at, updated_at) VALUES ('asset-a12345', null, 'zip', 'toybox-test-user-id-12345', '2045-06-13 12:21:02.631961', '2045-06-13 12:21:02.631961');
INSERT INTO asset (id, work_id, asset_type, user_id, created_at, updated_at) VALUES ('asset-a54321', null, 'model', 'toybox-test-user-id-12345', '2045-06-13 12:21:02.631961', '2045-06-13 12:21:02.631961');
INSERT INTO asset (id, work_id, asset_type, user_id, created_at, updated_at) VALUES ('asset-b12345', null, 'image', 'toybox-test-user-id-67890', '2045-06-13 12:21:02.631961', '2045-06-13 12:21:02.631961');
INSERT INTO asset (id, work_id, asset_type, user_id, created_at, updated_at) VALUES ('asset-b54321', null, 'image', 'toybox-test-user-id-67890', '2045-06-13 12:21:02.631961', '2045-06-13 12:21:02.631961');
INSERT INTO asset (id, work_id, asset_type, user_id, created_at, updated_at) VALUES ('asset-b67890', null, 'image', 'toybox-test-user-id-67890', '2045-06-13 12:21:02.631961', '2045-06-13 12:21:02.631961');
INSERT INTO asset (id, work_id, asset_type, user_id, created_at, updated_at) VALUES ('asset-b09876', null, 'image', 'toybox-test-user-id-67890', '2045-06-13 12:21:02.631961', '2045-06-13 12:21:02.631961');
INSERT INTO asset (id, work_id, asset_type, user_id, created_at, updated_at) VALUES ('asset-c12345', null, 'image', 'toybox-test-user-id-67890', '2045-06-13 12:21:02.631961', '2045-06-13 12:21:02.631961');
INSERT INTO asset (id, work_id, asset_type, user_id, created_at, updated_at) VALUES ('asset-c54321', null, 'image', 'toybox-test-user-id-67890', '2045-06-13 12:21:02.631961', '2045-06-13 12:21:02.631961');
INSERT INTO urlinfo (id, work_id, url, url_type, user_id, created_at, updated_at) VALUES ('url-12345', null, 'https://github.com/Kyutech-C3/toybox-server', 'github', 'toybox-test-user-id-12345', '2045-06-13 12:21:02.631961', '2045-06-13 12:21:02.631961');
INSERT INTO works (id, title, description, description_html, user_id, visibility, created_at, updated_at) VALUES ('work-12345', 'test work 1', '#これはテスト作品です', '<h1>これはテスト作品です</h1>', 'toybox-test-user-id-12345', 'public', '2045-06-13 12:21:02.631961', '2045-06-13 12:21:02.631961');
INSERT INTO works (id, title, description, description_html, user_id, visibility, created_at, updated_at) VALUES ('work-54321', 'test work 2', '#これはテスト作品です', '<h1>これはテスト作品です</h1>', 'toybox-test-user-id-67890', 'public', '2045-06-13 12:21:02.631961', '2045-06-13 12:21:02.631961');
INSERT INTO works (id, title, description, description_html, user_id, visibility, created_at, updated_at) VALUES ('work-67890', 'test work 3', '#これはテスト作品です', '<h1>これはテスト作品です</h1>', 'toybox-test-user-id-67890', 'private', '2045-06-13 12:21:02.631961', '2045-06-13 12:21:02.631961');
INSERT INTO works (id, title, description, description_html, user_id, visibility, created_at, updated_at) VALUES ('work-09876', 'test work 4', '#これはテスト作品です', '<h1>これはテスト作品です</h1>', 'toybox-test-user-id-67890', 'draft', '2045-06-13 12:21:02.631961', '2045-06-13 12:21:02.631961');
UPDATE asset SET work_id = 'work-12345' WHERE id = 'asset-12345';
UPDATE asset SET work_id = 'work-12345' WHERE id = 'asset-54321';
UPDATE asset SET work_id = 'work-12345' WHERE id = 'asset-67890';
UPDATE asset SET work_id = 'work-12345' WHERE id = 'asset-09876';
UPDATE asset SET work_id = 'work-12345' WHERE id = 'asset-a12345';
UPDATE asset SET work_id = 'work-12345' WHERE id = 'asset-a54321';
UPDATE asset SET work_id = 'work-54321' WHERE id = 'asset-b12345';
UPDATE asset SET work_id = 'work-54321' WHERE id = 'asset-b54321';
UPDATE asset SET work_id = 'work-67890' WHERE id = 'asset-b67890';
UPDATE asset SET work_id = 'work-67890' WHERE id = 'asset-b09876';
UPDATE asset SET work_id = 'work-09876' WHERE id = 'asset-c12345';
UPDATE asset SET work_id = 'work-09876' WHERE id = 'asset-c54321';
UPDATE urlinfo SET work_id = 'work-12345' WHERE id = 'url-12345';
INSERT INTO thumbnails (work_id, asset_id) VALUES ('work-12345', 'asset-12345');
INSERT INTO thumbnails (work_id, asset_id) VALUES ('work-54321', 'asset-b12345');
INSERT INTO thumbnails (work_id, asset_id) VALUES ('work-67890', 'asset-b67890');
INSERT INTO thumbnails (work_id, asset_id) VALUES ('work-09876', 'asset-c12345');
INSERT INTO taggings (work_id, tag_id) VALUES ('work-12345', 'tag-12345');
INSERT INTO taggings (work_id, tag_id) VALUES ('work-12345', 'tag-54321');
INSERT INTO taggings (work_id, tag_id) VALUES ('work-12345', 'tag-67890');
INSERT INTO taggings (work_id, tag_id) VALUES ('work-12345', 'tag-09876');
INSERT INTO taggings (work_id, tag_id) VALUES ('work-54321', 'tag-12345');
INSERT INTO taggings (work_id, tag_id) VALUES ('work-54321', 'tag-54321');
INSERT INTO taggings (work_id, tag_id) VALUES ('work-67890', 'tag-67890');
INSERT INTO taggings (work_id, tag_id) VALUES ('work-09876', 'tag-09876');
